<?xml version="1.0" encoding="UTF-8"?>
<project-private xmlns="http://www.netbeans.org/ns/project-private/1">
    <editor-bookmarks xmlns="http://www.netbeans.org/ns/editor-bookmarks/2" lastBookmarkId="0"/>
    <open-files xmlns="http://www.netbeans.org/ns/projectui-open-files/2">
        <group>
            <file>file:/C:/Users/USER/Documents/NetBeansProjects/KompresiTeksRLE/src/kompresiteksrle/MenuKompresi.java</file>
            <file>file:/C:/Users/USER/Documents/NetBeansProjects/KompresiTeksRLE/src/kompresiteksrle/KompresiTeksRLE.java</file>
            <file>file:/C:/Users/USER/Documents/NetBeansProjects/KompresiTeksRLE/src/kompresiteksrle/MenuUtama.java</file>
            <file>file:/C:/Users/USER/Documents/NetBeansProjects/KompresiTeksRLE/src/kompresiteksrle/MenuDekompresi.java</file>
            <file>file:/C:/Users/USER/Documents/NetBeansProjects/KompresiTeksRLE/src/kompresiteksrle/DecodeRLE.java</file>
            <file>file:/C:/Users/USER/Documents/NetBeansProjects/KompresiTeksRLE/src/kompresiteksrle/EncodeRLE.java</file>
        </group>
    </open-files>
</project-private>
